hypothesis_id,kind,name,target,split,n,statistic,effect_size,naive_p,block_perm_p,q_value,fdr_rejected,decision
model:A_baseline:fwd_ret_norm_H1:VAL,model,A_baseline,fwd_ret_norm_H1,VAL,799,spearman,-0.035536972907864145,0.3157386969800904,0.3225,0.7982608695652175,False,NOT SUPPORTED
model:B_volatility_seriality:fwd_ret_norm_H1:VAL,model,B_volatility_seriality,fwd_ret_norm_H1,VAL,799,spearman,0.05057795458608975,0.15319338842134964,0.147,0.7982608695652175,False,NOT SUPPORTED
model:C_transmission:fwd_ret_norm_H1:VAL,model,C_transmission,fwd_ret_norm_H1,VAL,799,spearman,0.026173012318029112,0.4600344848250495,0.432,0.8363076923076923,False,NOT SUPPORTED
feature:xau_log_return:fwd_ret_norm_H1:VAL,feature,xau_log_return,fwd_ret_norm_H1,VAL,799,spearman,-0.035536972907864145,0.3157386969800904,0.3225,0.7982608695652175,False,NOT SUPPORTED
feature:return_autocorr:fwd_ret_norm_H1:VAL,feature,return_autocorr,fwd_ret_norm_H1,VAL,799,spearman,0.008380212107239311,0.813034387230735,0.8165,0.9017999999999999,False,NOT SUPPORTED
feature:directional_persist:fwd_ret_norm_H1:VAL,feature,directional_persist,fwd_ret_norm_H1,VAL,799,spearman,0.029284128742315296,0.4084390066219693,0.398,0.8363076923076923,False,NOT SUPPORTED
feature:reversal_frequency:fwd_ret_norm_H1:VAL,feature,reversal_frequency,fwd_ret_norm_H1,VAL,799,spearman,0.03965777522103837,0.26285207763255064,0.2615,0.7982608695652175,False,NOT SUPPORTED
feature:transmission_assoc_signed:fwd_ret_norm_H1:VAL,feature,transmission_assoc_signed,fwd_ret_norm_H1,VAL,799,spearman,0.050178632259986755,0.15646805127695135,0.151,0.7982608695652175,False,NOT SUPPORTED
feature:transmission_confidence:fwd_ret_norm_H1:VAL,feature,transmission_confidence,fwd_ret_norm_H1,VAL,799,spearman,0.02847136672107832,0.4215752458942526,0.409,0.8363076923076923,False,NOT SUPPORTED
model:A_baseline:fwd_ret_norm_H1:OOS,model,A_baseline,fwd_ret_norm_H1,OOS,799,spearman,0.009738394798008787,0.7834339783037357,0.778,0.9017999999999999,False,NOT SUPPORTED
model:B_volatility_seriality:fwd_ret_norm_H1:OOS,model,B_volatility_seriality,fwd_ret_norm_H1,OOS,799,spearman,0.045193521977660044,0.20191354491697816,0.2105,0.7982608695652175,False,NOT SUPPORTED
model:C_transmission:fwd_ret_norm_H1:OOS,model,C_transmission,fwd_ret_norm_H1,OOS,799,spearman,0.021229662077596995,0.5490274181866075,0.5625,0.8363076923076923,False,NOT SUPPORTED
feature:xau_log_return:fwd_ret_norm_H1:OOS,feature,xau_log_return,fwd_ret_norm_H1,OOS,799,spearman,0.009738394798008787,0.7834339783037357,0.778,0.9017999999999999,False,NOT SUPPORTED
feature:return_autocorr:fwd_ret_norm_H1:OOS,feature,return_autocorr,fwd_ret_norm_H1,OOS,799,spearman,0.06227725916794489,0.07852357829599738,0.082,0.7982608695652175,False,PARTIALLY SUPPORTED
feature:directional_persist:fwd_ret_norm_H1:OOS,feature,directional_persist,fwd_ret_norm_H1,OOS,799,spearman,0.04368076806803627,0.2174407553166133,0.229,0.7982608695652175,False,NOT SUPPORTED
feature:reversal_frequency:fwd_ret_norm_H1:OOS,feature,reversal_frequency,fwd_ret_norm_H1,OOS,799,spearman,-0.035730716281729885,0.313105899753485,0.3285,0.7982608695652175,False,NOT SUPPORTED
feature:transmission_assoc_signed:fwd_ret_norm_H1:OOS,feature,transmission_assoc_signed,fwd_ret_norm_H1,OOS,799,spearman,0.03579130868472809,0.31228547382569405,0.34,0.7982608695652175,False,NOT SUPPORTED
feature:transmission_confidence:fwd_ret_norm_H1:OOS,feature,transmission_confidence,fwd_ret_norm_H1,OOS,799,spearman,0.008616456661051878,0.8078651577303394,0.7975,0.9017999999999999,False,NOT SUPPORTED
model:A_baseline:fwd_ret_norm_H2:VAL,model,A_baseline,fwd_ret_norm_H2,VAL,799,spearman,-0.021756071969661325,0.5391625824712428,0.478,0.8363076923076923,False,NOT SUPPORTED
model:B_volatility_seriality:fwd_ret_norm_H2:VAL,model,B_volatility_seriality,fwd_ret_norm_H2,VAL,799,spearman,0.04471689235604656,0.20671616983496674,0.508,0.8363076923076923,False,NOT SUPPORTED
model:C_transmission:fwd_ret_norm_H2:VAL,model,C_transmission,fwd_ret_norm_H2,VAL,799,spearman,0.01381818908974564,0.6965364192509046,0.8305,0.9017999999999999,False,NOT SUPPORTED
feature:xau_log_return:fwd_ret_norm_H2:VAL,feature,xau_log_return,fwd_ret_norm_H2,VAL,799,spearman,-0.021756071969661325,0.5391625824712428,0.478,0.8363076923076923,False,NOT SUPPORTED
feature:return_autocorr:fwd_ret_norm_H2:VAL,feature,return_autocorr,fwd_ret_norm_H2,VAL,799,spearman,0.03645456726923692,0.30339740940799403,0.602,0.8363076923076923,False,NOT SUPPORTED
feature:directional_persist:fwd_ret_norm_H2:VAL,feature,directional_persist,fwd_ret_norm_H2,VAL,799,spearman,0.00664932552423872,0.8511419633311058,0.915,0.9175,False,NOT SUPPORTED
feature:reversal_frequency:fwd_ret_norm_H2:VAL,feature,reversal_frequency,fwd_ret_norm_H2,VAL,799,spearman,0.039022752500650654,0.27057784325031886,0.577,0.8363076923076923,False,NOT SUPPORTED
feature:transmission_assoc_signed:fwd_ret_norm_H2:VAL,feature,transmission_assoc_signed,fwd_ret_norm_H2,VAL,799,spearman,0.1036113969725961,0.0033673228772481546,0.13,0.7982608695652175,False,NOT SUPPORTED
feature:transmission_confidence:fwd_ret_norm_H2:VAL,feature,transmission_confidence,fwd_ret_norm_H2,VAL,799,spearman,0.0878766184899444,0.012959076777626682,0.2125,0.7982608695652175,False,NOT SUPPORTED
model:A_baseline:fwd_ret_norm_H2:OOS,model,A_baseline,fwd_ret_norm_H2,OOS,795,spearman,-0.004178561167607918,0.9063586353404528,0.9175,0.9175,False,NOT SUPPORTED
model:B_volatility_seriality:fwd_ret_norm_H2:OOS,model,B_volatility_seriality,fwd_ret_norm_H2,OOS,795,spearman,0.06765159861376174,0.056563263348398604,0.324,0.7982608695652175,False,NOT SUPPORTED
model:C_transmission:fwd_ret_norm_H2:OOS,model,C_transmission,fwd_ret_norm_H2,OOS,795,spearman,-0.02270680430334745,0.5226210962862555,0.735,0.9017999999999999,False,NOT SUPPORTED
feature:xau_log_return:fwd_ret_norm_H2:OOS,feature,xau_log_return,fwd_ret_norm_H2,OOS,795,spearman,-0.004178561167607918,0.9063586353404528,0.9175,0.9175,False,NOT SUPPORTED
feature:return_autocorr:fwd_ret_norm_H2:OOS,feature,return_autocorr,fwd_ret_norm_H2,OOS,795,spearman,0.14279746720867298,5.329867881692459e-05,0.0375,0.7982608695652175,False,PARTIALLY SUPPORTED
feature:directional_persist:fwd_ret_norm_H2:OOS,feature,directional_persist,fwd_ret_norm_H2,OOS,795,spearman,0.05284204991009078,0.1365883294687046,0.4455,0.8363076923076923,False,NOT SUPPORTED
feature:reversal_frequency:fwd_ret_norm_H2:OOS,feature,reversal_frequency,fwd_ret_norm_H2,OOS,795,spearman,-0.07466092148624837,0.035313414397063876,0.26,0.7982608695652175,False,NOT SUPPORTED
feature:transmission_assoc_signed:fwd_ret_norm_H2:OOS,feature,transmission_assoc_signed,fwd_ret_norm_H2,OOS,795,spearman,0.11185015902190483,0.0015850028573964254,0.09,0.7982608695652175,False,PARTIALLY SUPPORTED
feature:transmission_confidence:fwd_ret_norm_H2:OOS,feature,transmission_confidence,fwd_ret_norm_H2,OOS,795,spearman,-0.02109009951616358,0.5526583081132238,0.7455,0.9017999999999999,False,NOT SUPPORTED
model:A_baseline:fwd_ret_norm_H3:VAL,model,A_baseline,fwd_ret_norm_H3,VAL,799,spearman,-0.0559328625067048,0.11415432598220736,0.097,0.7982608695652175,False,PARTIALLY SUPPORTED
model:B_volatility_seriality:fwd_ret_norm_H3:VAL,model,B_volatility_seriality,fwd_ret_norm_H3,VAL,799,spearman,-0.027292527313276936,0.44106126437950877,0.788,0.9017999999999999,False,NOT SUPPORTED
model:C_transmission:fwd_ret_norm_H3:VAL,model,C_transmission,fwd_ret_norm_H3,VAL,799,spearman,-0.029835343992020095,0.3996701121760379,0.7975,0.9017999999999999,False,NOT SUPPORTED
feature:xau_log_return:fwd_ret_norm_H3:VAL,feature,xau_log_return,fwd_ret_norm_H3,VAL,799,spearman,-0.0559328625067048,0.11415432598220736,0.097,0.7982608695652175,False,PARTIALLY SUPPORTED
feature:return_autocorr:fwd_ret_norm_H3:VAL,feature,return_autocorr,fwd_ret_norm_H3,VAL,799,spearman,0.08581993939793162,0.015244536481748184,0.454,0.8363076923076923,False,NOT SUPPORTED
feature:directional_persist:fwd_ret_norm_H3:VAL,feature,directional_persist,fwd_ret_norm_H3,VAL,799,spearman,-0.0626460694808645,0.07676765341686732,0.5525,0.8363076923076923,False,NOT SUPPORTED
feature:reversal_frequency:fwd_ret_norm_H3:VAL,feature,reversal_frequency,fwd_ret_norm_H3,VAL,799,spearman,0.023578230933335217,0.5057146062807615,0.835,0.9017999999999999,False,NOT SUPPORTED
feature:transmission_assoc_signed:fwd_ret_norm_H3:VAL,feature,transmission_assoc_signed,fwd_ret_norm_H3,VAL,799,spearman,0.1746855065850956,6.75488409246513e-07,0.1525,0.7982608695652175,False,NOT SUPPORTED
feature:transmission_confidence:fwd_ret_norm_H3:VAL,feature,transmission_confidence,fwd_ret_norm_H3,VAL,799,spearman,0.14732159456110255,2.907530718492284e-05,0.226,0.7982608695652175,False,NOT SUPPORTED
model:A_baseline:fwd_ret_norm_H3:OOS,model,A_baseline,fwd_ret_norm_H3,OOS,780,spearman,-0.021769645856141728,0.5437911869062653,0.5495,0.8363076923076923,False,NOT SUPPORTED
model:B_volatility_seriality:fwd_ret_norm_H3:OOS,model,B_volatility_seriality,fwd_ret_norm_H3,OOS,780,spearman,-0.040490356341302845,0.2586938213821595,0.7515,0.9017999999999999,False,NOT SUPPORTED
model:C_transmission:fwd_ret_norm_H3:OOS,model,C_transmission,fwd_ret_norm_H3,OOS,780,spearman,-0.16786453525501419,2.4269446770135337e-06,0.1525,0.7982608695652175,False,NOT SUPPORTED
feature:xau_log_return:fwd_ret_norm_H3:OOS,feature,xau_log_return,fwd_ret_norm_H3,OOS,780,spearman,-0.021769645856141728,0.5437911869062653,0.5495,0.8363076923076923,False,NOT SUPPORTED
feature:return_autocorr:fwd_ret_norm_H3:OOS,feature,return_autocorr,fwd_ret_norm_H3,OOS,780,spearman,0.06212967274638974,0.08290388553012262,0.604,0.8363076923076923,False,NOT SUPPORTED
feature:directional_persist:fwd_ret_norm_H3:OOS,feature,directional_persist,fwd_ret_norm_H3,OOS,780,spearman,0.01465787785334769,0.6827321796375654,0.8875,0.9175,False,NOT SUPPORTED
feature:reversal_frequency:fwd_ret_norm_H3:OOS,feature,reversal_frequency,fwd_ret_norm_H3,OOS,780,spearman,-0.12999029011021246,0.0002725702392291718,0.272,0.7982608695652175,False,NOT SUPPORTED
feature:transmission_assoc_signed:fwd_ret_norm_H3:OOS,feature,transmission_assoc_signed,fwd_ret_norm_H3,OOS,780,spearman,0.13365237160279558,0.00018145390535569738,0.2605,0.7982608695652175,False,NOT SUPPORTED
feature:transmission_confidence:fwd_ret_norm_H3:OOS,feature,transmission_confidence,fwd_ret_norm_H3,OOS,780,spearman,-0.07371978940439769,0.03955356319252622,0.539,0.8363076923076923,False,NOT SUPPORTED
