hypothesis_id,target,archive_scope,n_rows_joined,n_distinct_tokens,min_sample_required,spearman_r,raw_p,corrected_p_fdr,partial_spearman_step_index,robustness_winsorized,temporal_early_spearman,temporal_late_spearman,oos_signs_agree,final_classification,reason
H1,y_classified,"gt-sol-20260930a, gt-sol-20260930b, gt-sol-20260930c, p3a-sol-20261001d2, p3c-sol-20261004e, p3c-sol-20261004f",147,19,85,0.1742651386766548,0.8512871782054486,0.8777805548612848,0.1742666329643155,,0.1854495467547289,0.15261692391683992,,INSUFFICIENT EVIDENCE,n_tokens=19 (n_rows=147) < MIN_SAMPLE=85; the frozen Phase 3B threshold is not relaxed for Phase 3C
H1,y_direction,"gt-sol-20260930a, gt-sol-20260930b, gt-sol-20260930c, p3a-sol-20261001d2, p3c-sol-20261004e, p3c-sol-20261004f",147,19,85,,,,,,,,,INSUFFICIENT EVIDENCE,n_tokens=19 (n_rows=147) < MIN_SAMPLE=85; the frozen Phase 3B threshold is not relaxed for Phase 3C
H3,y_classified,"gt-sol-20260930a, gt-sol-20260930b, gt-sol-20260930c, p3a-sol-20261001d2, p3c-sol-20261004e, p3c-sol-20261004f",147,19,85,,,,,,,,,INSUFFICIENT EVIDENCE,n_tokens=19 (n_rows=147) < MIN_SAMPLE=85; the frozen Phase 3B threshold is not relaxed for Phase 3C
H3,y_direction,"gt-sol-20260930a, gt-sol-20260930b, gt-sol-20260930c, p3a-sol-20261001d2, p3c-sol-20261004e, p3c-sol-20261004f",147,19,85,,,,,,,,,INSUFFICIENT EVIDENCE,n_tokens=19 (n_rows=147) < MIN_SAMPLE=85; the frozen Phase 3B threshold is not relaxed for Phase 3C
H4,y_classified,"gt-sol-20260930a, gt-sol-20260930b, gt-sol-20260930c, p3a-sol-20261001d2, p3c-sol-20261004e, p3c-sol-20261004f",147,19,85,,,,,,,,,INSUFFICIENT EVIDENCE,n_tokens=19 (n_rows=147) < MIN_SAMPLE=85; the frozen Phase 3B threshold is not relaxed for Phase 3C
H4,y_direction,"gt-sol-20260930a, gt-sol-20260930b, gt-sol-20260930c, p3a-sol-20261001d2, p3c-sol-20261004e, p3c-sol-20261004f",147,19,85,,,,,,,,,INSUFFICIENT EVIDENCE,n_tokens=19 (n_rows=147) < MIN_SAMPLE=85; the frozen Phase 3B threshold is not relaxed for Phase 3C
H8,y_classified,"gt-sol-20260930a, gt-sol-20260930b, gt-sol-20260930c, p3a-sol-20261001d2, p3c-sol-20261004e, p3c-sol-20261004f",140,18,85,,,,,,,,,INSUFFICIENT EVIDENCE,n_tokens=18 (n_rows=140) < MIN_SAMPLE=85; the frozen Phase 3B threshold is not relaxed for Phase 3C
H8,y_direction,"gt-sol-20260930a, gt-sol-20260930b, gt-sol-20260930c, p3a-sol-20261001d2, p3c-sol-20261004e, p3c-sol-20261004f",140,18,85,,,,,,,,,INSUFFICIENT EVIDENCE,n_tokens=18 (n_rows=140) < MIN_SAMPLE=85; the frozen Phase 3B threshold is not relaxed for Phase 3C
H9,y_classified,"gt-sol-20260930a, gt-sol-20260930b, gt-sol-20260930c, p3a-sol-20261001d2, p3c-sol-20261004e, p3c-sol-20261004f",266,36,85,,,,,,,,,INSUFFICIENT EVIDENCE,n_tokens=36 (n_rows=266) < MIN_SAMPLE=85; the frozen Phase 3B threshold is not relaxed for Phase 3C
H9,y_direction,"gt-sol-20260930a, gt-sol-20260930b, gt-sol-20260930c, p3a-sol-20261001d2, p3c-sol-20261004e, p3c-sol-20261004f",266,36,85,,,,,,,,,INSUFFICIENT EVIDENCE,n_tokens=36 (n_rows=266) < MIN_SAMPLE=85; the frozen Phase 3B threshold is not relaxed for Phase 3C
H10,y_classified,"gt-sol-20260930a, gt-sol-20260930b, gt-sol-20260930c, p3a-sol-20261001d2, p3c-sol-20261004e, p3c-sol-20261004f",221,35,85,0.3840321535102363,0.004498875281179705,0.013496625843539115,0.3834420622297409,0.40336041988674903,0.6536644158207412,0.18762736161082355,,INSUFFICIENT EVIDENCE,n_tokens=35 (n_rows=221) < MIN_SAMPLE=85; the frozen Phase 3B threshold is not relaxed for Phase 3C
H10,y_direction,"gt-sol-20260930a, gt-sol-20260930b, gt-sol-20260930c, p3a-sol-20261001d2, p3c-sol-20261004e, p3c-sol-20261004f",221,35,85,-0.0902796372014539,0.8777805548612847,0.8777805548612848,-0.08248521877818986,,-0.09636596147458425,,,INSUFFICIENT EVIDENCE,n_tokens=35 (n_rows=221) < MIN_SAMPLE=85; the frozen Phase 3B threshold is not relaxed for Phase 3C
