hypothesis_id,feature,feature_kind,engine_fields,target,horizon_steps,archive_scope,n_rows_joined,n_distinct_tokens,min_sample_required,meets_minimum_sample,engine_field_ok_share,pearson_r,spearman_r,raw_p,corrected_p_fdr,robustness_spearman_winsorized,temporal_stability_early_spearman,temporal_stability_late_spearman,adversarial_partial_spearman,final_classification,reason
H1,funding_transfer,binary_observed,unique_buyers|independence_ratio,y_classified,3,"gt-sol-20260930a, gt-sol-20260930b, gt-sol-20260930c, p3a-sol-20261001d2",35,5,85,False,0.0,0.25,0.25,1.0,1.0,,,,,INSUFFICIENT EVIDENCE,n_tokens=5 (n_rows=35 before collapsing non-independent within-token repeats) < MIN_SAMPLE=85 (80% power to detect r>=0.3); statistics above are exploratory and non-confirmatory per the contract's pre-registered gate
H1,funding_transfer,binary_observed,unique_buyers|independence_ratio,y_direction,3,"gt-sol-20260930a, gt-sol-20260930b, gt-sol-20260930c, p3a-sol-20261001d2",35,5,85,False,0.0,,,,,,,,,INSUFFICIENT EVIDENCE,n_tokens=5 (n_rows=35 before collapsing non-independent within-token repeats) < MIN_SAMPLE=85 (80% power to detect r>=0.3); statistics above are exploratory and non-confirmatory per the contract's pre-registered gate
H3,social,binary_observed,social_mentions|independence_ratio,y_classified,3,"gt-sol-20260930a, gt-sol-20260930b, gt-sol-20260930c, p3a-sol-20261001d2",35,5,85,False,0.0,,,,,,,,,INSUFFICIENT EVIDENCE,n_tokens=5 (n_rows=35 before collapsing non-independent within-token repeats) < MIN_SAMPLE=85 (80% power to detect r>=0.3); statistics above are exploratory and non-confirmatory per the contract's pre-registered gate
H3,social,binary_observed,social_mentions|independence_ratio,y_direction,3,"gt-sol-20260930a, gt-sol-20260930b, gt-sol-20260930c, p3a-sol-20261001d2",35,5,85,False,0.0,,,,,,,,,INSUFFICIENT EVIDENCE,n_tokens=5 (n_rows=35 before collapsing non-independent within-token repeats) < MIN_SAMPLE=85 (80% power to detect r>=0.3); statistics above are exploratory and non-confirmatory per the contract's pre-registered gate
H4,social,binary_observed,social_mentions|buyer_growth,y_classified,3,"gt-sol-20260930a, gt-sol-20260930b, gt-sol-20260930c, p3a-sol-20261001d2",35,5,85,False,0.0,,,,,,,,,INSUFFICIENT EVIDENCE,n_tokens=5 (n_rows=35 before collapsing non-independent within-token repeats) < MIN_SAMPLE=85 (80% power to detect r>=0.3); statistics above are exploratory and non-confirmatory per the contract's pre-registered gate
H4,social,binary_observed,social_mentions|buyer_growth,y_direction,3,"gt-sol-20260930a, gt-sol-20260930b, gt-sol-20260930c, p3a-sol-20261001d2",35,5,85,False,0.0,,,,,,,,,INSUFFICIENT EVIDENCE,n_tokens=5 (n_rows=35 before collapsing non-independent within-token repeats) < MIN_SAMPLE=85 (80% power to detect r>=0.3); statistics above are exploratory and non-confirmatory per the contract's pre-registered gate
H8,news,binary_observed,,y_classified,3,"gt-sol-20260930a, gt-sol-20260930b, gt-sol-20260930c, p3a-sol-20261001d2",28,4,85,False,0.0,,,,,,,,,INSUFFICIENT EVIDENCE,n_tokens=4 (n_rows=28 before collapsing non-independent within-token repeats) < MIN_SAMPLE=85 (80% power to detect r>=0.3); statistics above are exploratory and non-confirmatory per the contract's pre-registered gate
H8,news,binary_observed,,y_direction,3,"gt-sol-20260930a, gt-sol-20260930b, gt-sol-20260930c, p3a-sol-20261001d2",28,4,85,False,0.0,,,,,,,,,INSUFFICIENT EVIDENCE,n_tokens=4 (n_rows=28 before collapsing non-independent within-token repeats) < MIN_SAMPLE=85 (80% power to detect r>=0.3); statistics above are exploratory and non-confirmatory per the contract's pre-registered gate
H9,liquidity_event,binary_observed,cross_venue,y_classified,3,"gt-sol-20260930a, gt-sol-20260930b, gt-sol-20260930c, p3a-sol-20261001d2",154,22,85,False,0.0,,,,,,,,,INSUFFICIENT EVIDENCE,n_tokens=22 (n_rows=154 before collapsing non-independent within-token repeats) < MIN_SAMPLE=85 (80% power to detect r>=0.3); statistics above are exploratory and non-confirmatory per the contract's pre-registered gate
H9,liquidity_event,binary_observed,cross_venue,y_direction,3,"gt-sol-20260930a, gt-sol-20260930b, gt-sol-20260930c, p3a-sol-20261001d2",154,22,85,False,0.0,,,,,,,,,INSUFFICIENT EVIDENCE,n_tokens=22 (n_rows=154 before collapsing non-independent within-token repeats) < MIN_SAMPLE=85 (80% power to detect r>=0.3); statistics above are exploratory and non-confirmatory per the contract's pre-registered gate
H10,creator_state,creator_pct,price_z_driving|unique_buyers|social_mentions|creator_pct,y_classified,3,"gt-sol-20260930a, gt-sol-20260930b, gt-sol-20260930c, p3a-sol-20261001d2",109,21,85,False,0.0,0.47365892211102945,0.6526244565071688,0.00024993751562109475,0.0007498125468632842,0.6633692210471116,0.5940469520612661,0.722889648870728,0.6562630396915086,INSUFFICIENT EVIDENCE,n_tokens=21 (n_rows=109 before collapsing non-independent within-token repeats) < MIN_SAMPLE=85 (80% power to detect r>=0.3); statistics above are exploratory and non-confirmatory per the contract's pre-registered gate
H10,creator_state,creator_pct,price_z_driving|unique_buyers|social_mentions|creator_pct,y_direction,3,"gt-sol-20260930a, gt-sol-20260930b, gt-sol-20260930c, p3a-sol-20261001d2",109,21,85,False,0.0,-0.06879797113790947,-0.0973628107342423,0.9380154961259685,1.0,,-0.1196098047720791,-0.07418318309487704,-0.058821297315764076,INSUFFICIENT EVIDENCE,n_tokens=21 (n_rows=109 before collapsing non-independent within-token repeats) < MIN_SAMPLE=85 (80% power to detect r>=0.3); statistics above are exploratory and non-confirmatory per the contract's pre-registered gate
